categoria,provedor,franquia,unidade,tipo,condicao,fonte_url,data_consulta,status_verificacao,aplicavel_ao_cenario,justificativa_aplicacao
nlp,aws,50000,unidades de 100 caracteres por mes,promocional_12_meses,Free Tier da AWS por API por mes durante 12 meses a partir da primeira requisicao,https://aws.amazon.com/comprehend/pricing/,2026-09-23,verificado_oficial,sim,"Free Tier abate a fatura da propria operacao comparada, na mesma conta e no mesmo tier; vale apenas nos 12 primeiros meses a partir da primeira requisicao, e a coluna custo_usd_com_franquia representa esse periodo"
nlp,azure,5000,registros de texto por mes,tier_gratuito_separado,Tier F0 do recurso; compartilhado entre varias features do Azure Language; nao e desconto no tier S,https://azure.microsoft.com/en-us/pricing/details/language/,2026-09-23,verificado_oficial,nao,"F0 e um recurso/tier separado, nao um desconto no tier S usado no cenario; aplica-la exigiria dividir a carga entre um recurso F0 (5.000 registros/mes) e um recurso S, hipotese de arquitetura nao adotada neste cenario"
nlp,google,5000,unidades de 1000 caracteres por mes,faixa_da_tabela,Primeira faixa da tabela on-demand cobrada a 0.00 USD; permanente e nao promocional,https://cloud.google.com/natural-language/pricing,2026-09-23,verificado_oficial,sim,"E a primeira faixa da propria tabela on-demand, cobrada a 0.00 USD, permanente e sem tier separado"
visao,aws,1000,imagens por mes,promocional_12_meses,Free Tier da AWS por 12 meses a partir da criacao da conta para APIs dos Grupos 1 e 2,https://aws.amazon.com/rekognition/pricing/,2026-09-23,verificado_oficial,sim,Free Tier abate a fatura da propria operacao comparada; vale apenas nos 12 primeiros meses a partir da criacao da conta
visao,azure,5000,transacoes por mes,tier_gratuito_separado,Tier F0 com limite de 20 transacoes por minuto,https://azure.microsoft.com/en-us/pricing/details/computer-vision/,2026-09-23,verificado_oficial,nao,"F0 e um recurso/tier separado, com limite de 20 transacoes por minuto; aplica-la exigiria dividir a carga entre um recurso F0 e um recurso S1, hipotese nao adotada"
visao,google,1000,unidades por mes,faixa_da_tabela,Primeira faixa da tabela cobrada a 0.00 USD; permanente e nao promocional,https://cloud.google.com/vision/pricing,2026-09-23,verificado_oficial,sim,"E a primeira faixa da propria tabela, cobrada a 0.00 USD, permanente"
fala,aws,60,minutos de audio por mes,promocional_12_meses,Free Tier da AWS por 12 meses a partir da primeira requisicao de transcricao,https://aws.amazon.com/transcribe/pricing/,2026-09-23,verificado_oficial,sim,Free Tier abate a fatura da propria operacao comparada; vale apenas nos 12 primeiros meses a partir da primeira requisicao
fala,azure,5,horas de audio por mes,tier_gratuito_separado,Tier F0; a pagina declara a franquia para transcricao em tempo real,https://azure.microsoft.com/en-us/pricing/details/speech/,2026-09-23,verificado_oficial,nao,"A transcricao em lote NAO esta disponivel no tier F0: a tabela oficial de cotas registra 'Not available for F0' para batch transcription (https://learn.microsoft.com/en-us/azure/ai-services/speech-service/speech-services-quotas-and-limits, consultada em 26/09/2026). As 5 horas gratuitas valem para o reconhecimento em tempo real, e o medidor cobrado no cenario e o S1 Speech to Text Batch"
fala,google,0,,nao_localizada,Nao foi localizada franquia gratuita para a tabela Recognition da V2 na pagina consultada; a faixa de 60 minutos gratuitos aparece nas tabelas da API V1,https://cloud.google.com/speech-to-text/pricing,2026-09-23,informacao_nao_localizada,nao,Franquia nao localizada para a tabela Recognition da V2; nada e descontado por nao haver valor verificado
