categoria,provedor,servico,operacao,unidade_cobranca,regra_contagem,faixa_min,faixa_max,preco_usd,unidade_preco,regiao,moeda,fonte_url,data_consulta,status_verificacao,observacao
nlp,aws,Amazon Comprehend,DetectSentiment,unidade de 100 caracteres,ceil(caracteres/100) com minimo de 3 unidades por requisicao,0,10000000,0.0001,por unidade,us-east-1,USD,https://pricing.us-east-1.amazonaws.com/offers/v1.0/aws/comprehend/current/index.json,2026-09-23,verificado_oficial,AWS Price List API; usagetype USE1-DetectSentiment; publicationDate 2026-09-11
nlp,aws,Amazon Comprehend,DetectSentiment,unidade de 100 caracteres,ceil(caracteres/100) com minimo de 3 unidades por requisicao,10000000,50000000,0.00005,por unidade,us-east-1,USD,https://pricing.us-east-1.amazonaws.com/offers/v1.0/aws/comprehend/current/index.json,2026-09-23,verificado_oficial,AWS Price List API
nlp,aws,Amazon Comprehend,DetectSentiment,unidade de 100 caracteres,ceil(caracteres/100) com minimo de 3 unidades por requisicao,50000000,,0.000025,por unidade,us-east-1,USD,https://pricing.us-east-1.amazonaws.com/offers/v1.0/aws/comprehend/current/index.json,2026-09-23,verificado_oficial,AWS Price List API
nlp,azure,Azure Language in Foundry Tools,Sentiment analysis,registro de texto de 1000 caracteres,ceil(caracteres/1000) por documento,0,500000,1.00,por 1000 registros,eastus,USD,https://prices.azure.com/api/retail/prices,2026-09-23,verificado_oficial,Azure Retail Prices API; meterName Standard Text Records; tierMinimumUnits 0
nlp,azure,Azure Language in Foundry Tools,Sentiment analysis,registro de texto de 1000 caracteres,ceil(caracteres/1000) por documento,500000,2500000,0.75,por 1000 registros,eastus,USD,https://prices.azure.com/api/retail/prices,2026-09-23,verificado_oficial,Azure Retail Prices API; tierMinimumUnits 500 (mil registros)
nlp,azure,Azure Language in Foundry Tools,Sentiment analysis,registro de texto de 1000 caracteres,ceil(caracteres/1000) por documento,2500000,10000000,0.30,por 1000 registros,eastus,USD,https://prices.azure.com/api/retail/prices,2026-09-23,verificado_oficial,Azure Retail Prices API; tierMinimumUnits 2500
nlp,azure,Azure Language in Foundry Tools,Sentiment analysis,registro de texto de 1000 caracteres,ceil(caracteres/1000) por documento,10000000,,0.25,por 1000 registros,eastus,USD,https://prices.azure.com/api/retail/prices,2026-09-23,verificado_oficial,Azure Retail Prices API; tierMinimumUnits 10000
nlp,google,Cloud Natural Language API,analyzeSentiment,unidade de 1000 caracteres Unicode,ceil(caracteres/1000) com minimo de 1 unidade por requisicao,0,5000,0.00,por 1000 unidades,global,USD,https://cloud.google.com/natural-language/pricing,2026-09-23,verificado_oficial,Faixa gratuita integrante da tabela on-demand
nlp,google,Cloud Natural Language API,analyzeSentiment,unidade de 1000 caracteres Unicode,ceil(caracteres/1000) com minimo de 1 unidade por requisicao,5000,1000000,1.00,por 1000 unidades,global,USD,https://cloud.google.com/natural-language/pricing,2026-09-23,verificado_oficial,Preco de tabela publica; API global sem preco regional
nlp,google,Cloud Natural Language API,analyzeSentiment,unidade de 1000 caracteres Unicode,ceil(caracteres/1000) com minimo de 1 unidade por requisicao,1000000,5000000,0.50,por 1000 unidades,global,USD,https://cloud.google.com/natural-language/pricing,2026-09-23,verificado_oficial,
nlp,google,Cloud Natural Language API,analyzeSentiment,unidade de 1000 caracteres Unicode,ceil(caracteres/1000) com minimo de 1 unidade por requisicao,5000000,,0.25,por 1000 unidades,global,USD,https://cloud.google.com/natural-language/pricing,2026-09-23,verificado_oficial,
visao,aws,Amazon Rekognition,DetectLabels (Group 2),imagem processada,1 imagem = 1 unidade,0,1000000,0.001,por imagem,us-east-1,USD,https://pricing.us-east-1.amazonaws.com/offers/v1.0/aws/AmazonRekognition/current/index.json,2026-09-23,verificado_oficial,AWS Price List API; usagetype USE1-Group2-AsyncImagesProcessed
visao,aws,Amazon Rekognition,DetectLabels (Group 2),imagem processada,1 imagem = 1 unidade,1000000,5000000,0.0008,por imagem,us-east-1,USD,https://pricing.us-east-1.amazonaws.com/offers/v1.0/aws/AmazonRekognition/current/index.json,2026-09-23,verificado_oficial,AWS Price List API
visao,aws,Amazon Rekognition,DetectLabels (Group 2),imagem processada,1 imagem = 1 unidade,5000000,35000000,0.0006,por imagem,us-east-1,USD,https://pricing.us-east-1.amazonaws.com/offers/v1.0/aws/AmazonRekognition/current/index.json,2026-09-23,verificado_oficial,AWS Price List API
visao,aws,Amazon Rekognition,DetectLabels (Group 2),imagem processada,1 imagem = 1 unidade,35000000,,0.00025,por imagem,us-east-1,USD,https://pricing.us-east-1.amazonaws.com/offers/v1.0/aws/AmazonRekognition/current/index.json,2026-09-23,verificado_oficial,AWS Price List API
visao,azure,Azure Vision in Foundry Tools,Image Analysis Tag (Group 1),transacao,1 imagem com 1 feature = 1 transacao,0,1000000,1.00,por 1000 transacoes,eastus,USD,https://prices.azure.com/api/retail/prices,2026-09-23,verificado_oficial,Azure Retail Prices API; meterName Image Analysis Group 1 Transactions. Grupo confirmado na pagina de precos: Group 1 inclui Tag
visao,azure,Azure Vision in Foundry Tools,Image Analysis Tag (Group 1),transacao,1 imagem com 1 feature = 1 transacao,1000000,10000000,0.65,por 1000 transacoes,eastus,USD,https://prices.azure.com/api/retail/prices,2026-09-23,verificado_oficial,Azure Retail Prices API
visao,azure,Azure Vision in Foundry Tools,Image Analysis Tag (Group 1),transacao,1 imagem com 1 feature = 1 transacao,10000000,100000000,0.60,por 1000 transacoes,eastus,USD,https://prices.azure.com/api/retail/prices,2026-09-23,verificado_oficial,Azure Retail Prices API
visao,azure,Azure Vision in Foundry Tools,Image Analysis Tag (Group 1),transacao,1 imagem com 1 feature = 1 transacao,100000000,,0.40,por 1000 transacoes,eastus,USD,https://prices.azure.com/api/retail/prices,2026-09-23,verificado_oficial,Azure Retail Prices API
visao,google,Cloud Vision API,LABEL_DETECTION,unidade,1 feature aplicada a 1 imagem = 1 unidade,0,1000,0.00,por 1000 unidades,global,USD,https://cloud.google.com/vision/pricing,2026-09-23,verificado_oficial,Primeiras 1000 unidades por mes gratuitas; faixa integrante da tabela
visao,google,Cloud Vision API,LABEL_DETECTION,unidade,1 feature aplicada a 1 imagem = 1 unidade,1000,5000000,1.50,por 1000 unidades,global,USD,https://cloud.google.com/vision/pricing,2026-09-23,verificado_oficial,
visao,google,Cloud Vision API,LABEL_DETECTION,unidade,1 feature aplicada a 1 imagem = 1 unidade,5000000,,1.00,por 1000 unidades,global,USD,https://cloud.google.com/vision/pricing,2026-09-23,verificado_oficial,
fala,aws,Amazon Transcribe,StartTranscriptionJob (lote),segundo de audio,cobrado em incrementos de 1 segundo sem minimo,0,,0.0001,por segundo,us-east-1,USD,https://pricing.us-east-1.amazonaws.com/offers/v1.0/aws/transcribe/current/index.json,2026-09-23,verificado_oficial,AWS Price List API; usagetype USE1-TranscribeAudio; preco unico sem faixas; equivale a 0.006 USD/min
fala,azure,Azure Speech in Foundry Tools,Speech to text Batch (S1),hora de audio,cobrado por hora de audio,0,,0.18,por hora,eastus,USD,https://prices.azure.com/api/retail/prices,2026-09-23,verificado_oficial,Azure Retail Prices API; meterName S1 Speech to Text Batch; equivale a 0.003 USD/min. Modo best-effort: pode levar ate 24h em pico
fala,google,Cloud Speech-to-Text V2,BatchRecognize (Standard),minuto de audio,cobrado em incrementos de 1 segundo,0,500000,0.016,por minuto,us-central1,USD,https://cloud.google.com/speech-to-text/pricing,2026-09-23,verificado_oficial,Tabela Recognition Standard sku 3099-B70F-0949
fala,google,Cloud Speech-to-Text V2,BatchRecognize (Standard),minuto de audio,cobrado em incrementos de 1 segundo,500000,1000000,0.010,por minuto,us-central1,USD,https://cloud.google.com/speech-to-text/pricing,2026-09-23,verificado_oficial,
fala,google,Cloud Speech-to-Text V2,BatchRecognize (Standard),minuto de audio,cobrado em incrementos de 1 segundo,1000000,2000000,0.008,por minuto,us-central1,USD,https://cloud.google.com/speech-to-text/pricing,2026-09-23,verificado_oficial,
fala,google,Cloud Speech-to-Text V2,BatchRecognize (Standard),minuto de audio,cobrado em incrementos de 1 segundo,2000000,,0.004,por minuto,us-central1,USD,https://cloud.google.com/speech-to-text/pricing,2026-09-23,verificado_oficial,
fala,google,Cloud Speech-to-Text V2,BatchRecognize com dynamic batch,minuto de audio,cobrado em incrementos de 1 segundo,0,,0.003,por minuto,us-central1,USD,https://cloud.google.com/speech-to-text/pricing,2026-09-23,verificado_oficial,Modo de menor urgencia sku 7700-6778-EF8E; preco unico sem faixas
