categoria,cenario,carga,provedor,servico,operacao,unidades_cobradas,unidade_cobranca,custo_usd_sem_franquia,custo_usd_com_franquia,tipo_franquia,observacao
nlp,100000 documentos de 100 caracteres,100000 docs x 100 chars,aws,Amazon Comprehend,DetectSentiment,300000,unidades de 100 caracteres,30.0,25.0,promocional_12_meses,3 unidades por documento (minimo de 3 aplicado)
nlp,100000 documentos de 100 caracteres,100000 docs x 100 chars,azure,Azure Language in Foundry Tools,Sentiment analysis,100000,registros de texto de 1000 caracteres,100.0,95.0,tier_gratuito_separado,1 registros por documento
nlp,100000 documentos de 100 caracteres,100000 docs x 100 chars,google,Cloud Natural Language API,analyzeSentiment,100000,unidades de 1000 caracteres,100.0,95.0,faixa_da_tabela,1 unidades por documento; franquia e a primeira faixa da tabela
nlp,100000 documentos de 500 caracteres,100000 docs x 500 chars,aws,Amazon Comprehend,DetectSentiment,500000,unidades de 100 caracteres,50.0,45.0,promocional_12_meses,5 unidades por documento
nlp,100000 documentos de 500 caracteres,100000 docs x 500 chars,azure,Azure Language in Foundry Tools,Sentiment analysis,100000,registros de texto de 1000 caracteres,100.0,95.0,tier_gratuito_separado,1 registros por documento
nlp,100000 documentos de 500 caracteres,100000 docs x 500 chars,google,Cloud Natural Language API,analyzeSentiment,100000,unidades de 1000 caracteres,100.0,95.0,faixa_da_tabela,1 unidades por documento; franquia e a primeira faixa da tabela
nlp,100000 documentos de 1200 caracteres,100000 docs x 1200 chars,aws,Amazon Comprehend,DetectSentiment,1200000,unidades de 100 caracteres,120.0,115.0,promocional_12_meses,12 unidades por documento
nlp,100000 documentos de 1200 caracteres,100000 docs x 1200 chars,azure,Azure Language in Foundry Tools,Sentiment analysis,200000,registros de texto de 1000 caracteres,200.0,195.0,tier_gratuito_separado,2 registros por documento
nlp,100000 documentos de 1200 caracteres,100000 docs x 1200 chars,google,Cloud Natural Language API,analyzeSentiment,200000,unidades de 1000 caracteres,200.0,195.0,faixa_da_tabela,2 unidades por documento; franquia e a primeira faixa da tabela
nlp,100000 documentos de 4000 caracteres,100000 docs x 4000 chars,aws,Amazon Comprehend,DetectSentiment,4000000,unidades de 100 caracteres,400.0,395.0,promocional_12_meses,40 unidades por documento
nlp,100000 documentos de 4000 caracteres,100000 docs x 4000 chars,azure,Azure Language in Foundry Tools,Sentiment analysis,400000,registros de texto de 1000 caracteres,400.0,395.0,tier_gratuito_separado,4 registros por documento
nlp,100000 documentos de 4000 caracteres,100000 docs x 4000 chars,google,Cloud Natural Language API,analyzeSentiment,400000,unidades de 1000 caracteres,400.0,395.0,faixa_da_tabela,4 unidades por documento; franquia e a primeira faixa da tabela
visao,100000 imagens com deteccao de rotulos,100000 imagens x 1 feature,aws,Amazon Rekognition,DetectLabels (Group 2),100000,imagens processadas,100.0,99.0,promocional_12_meses,
visao,100000 imagens com deteccao de rotulos,100000 imagens x 1 feature,azure,Azure Vision in Foundry Tools,Image Analysis Tag (Group 1),100000,transacoes,100.0,95.0,tier_gratuito_separado,
visao,100000 imagens com deteccao de rotulos,100000 imagens x 1 feature,google,Cloud Vision API,LABEL_DETECTION,100000,unidades,150.0,148.5,faixa_da_tabela,franquia e a primeira faixa da tabela
fala,10000 minutos de audio em lote,10000 minutos,aws,Amazon Transcribe,StartTranscriptionJob (lote),600000,segundos de audio,60.0,59.64,promocional_12_meses,"preco unico por segundo, sem faixas e sem minimo"
fala,10000 minutos de audio em lote,10000 minutos,azure,Azure Speech in Foundry Tools,Speech to text Batch (S1),166.6667,horas de audio,30.0,29.1,tier_gratuito_separado,modo best-effort: documentacao admite ate 24h em horario de pico
fala,10000 minutos de audio em lote,10000 minutos,google,Cloud Speech-to-Text V2,BatchRecognize (Standard),10000,minutos de audio,160.0,160.0,nao_localizada,prioridade padrao; franquia nao localizada na tabela V2
fala,10000 minutos de audio em lote,10000 minutos,google,Cloud Speech-to-Text V2,BatchRecognize com dynamic batch,10000,minutos de audio,30.0,30.0,nao_localizada,"modo de menor urgencia, comparavel ao lote da Azure; franquia nao localizada na tabela V2"
